,Validation_MAE,Validation_R2,Test_MAE,Test_R2
All_Groups,15.535594878141586,-0.11987294392857595,16.08186273415815,-0.13627302443510536
